assignment,n,conversion_rate,se,control_rate,campaign_uplift,ci_lower,ci_upper
Control,1334,0.10344827586206896,0.008338182351086219,0.10344827586206896,0,0.08710543845393998,0.11979111327019795
Emotions,1304,0.19401840490797545,0.010950784472871032,0.10344827586206896,0.09057012904590649,0.17255486734114822,0.21548194247480268
Reason,1285,0.17665369649805449,0.01063900641961445,0.10344827586206896,0.07320542063598552,0.15580124391561018,0.1975061490804988
