assignment,age_group,conversion
Control,18-29,0.08184143222506395
Control,30-44,0.12085769980506822
Control,45-64,0.0926517571884984
Control,65+,0.1282051282051282
Emotions,18-29,0.20365535248041775
Emotions,30-44,0.18902439024390244
Emotions,45-64,0.21301775147928995
Emotions,65+,0.10989010989010989
Reason,18-29,0.1752873563218391
Reason,30-44,0.1816326530612245
Reason,45-64,0.1695906432748538
Reason,65+,0.18095238095238095
