Group,Baseline Unvax,Newly Vax (Endline),Conversion Rate
Control,1334,138,0.10344827586206896
Emotions,1304,253,0.19401840490797545
Reason,1285,227,0.17665369649805449
