assignment,Vaccination Rate (Baseline),Vaccination Rate (Endline),Vaccination Rate Change (Absolute),Vaccination Rate Change (Relative)
Control,0.12236842105263158,0.2131578947368421,0.09078947368421052,0.7419354838709676
Emotions,0.13008672448298866,0.2988659106070714,0.16877918612408274,1.2974358974358975
Reason,0.1323430114787306,0.28561782579338285,0.15327481431465226,1.1581632653061225
